{
    "DataType": "SurfaceItemData",
    "DataVersion": 0,
    "GameVersion": "0.3.4f4",
    "GUID": "a8a7bac9-a502-4e3a-9565-deb8fc80a2f3",
    "ItemString": "{\n    \"DataType\": \"ItemData\",\n    \"DataVersion\": 0,\n    \"GameVersion\": \"0.3.4f4\",\n    \"ID\": \"artworklines\",\n    \"Quantity\": 1\n}",
    "LoadOrder": 25,
    "ParentSurfaceGUID": "c612b23b-84ff-467b-a6d8-6da79e118297",
    "RelativePosition": {
        "x": 4.870873928070068,
        "y": -6.10999870300293,
        "z": 1.776031494140625
    },
    "RelativeRotation": {
        "x": 0.0,
        "y": 0.7071065306663513,
        "z": 0.7071070075035095,
        "w": 0.0
    }
}