{
    "DataType": "SurfaceItemData",
    "DataVersion": 0,
    "GameVersion": "0.3.4f4",
    "GUID": "6884f6e8-23cd-4ba0-af7f-bfe85d1594a6",
    "ItemString": "{\n    \"DataType\": \"ItemData\",\n    \"DataVersion\": 0,\n    \"GameVersion\": \"0.3.4f4\",\n    \"ID\": \"artworkrapscallion\",\n    \"Quantity\": 1\n}",
    "LoadOrder": 25,
    "ParentSurfaceGUID": "c612b23b-84ff-467b-a6d8-6da79e118297",
    "RelativePosition": {
        "x": 2.9248898029327394,
        "y": -6.109996795654297,
        "z": 1.791029930114746
    },
    "RelativeRotation": {
        "x": 0.0,
        "y": 0.7071065306663513,
        "z": 0.7071070075035095,
        "w": 0.0
    }
}